USE simpletodo;

INSERT INTO roles ( NR_ID, STR_NAME ) VALUES( UuidToBin('1a4f447f-e5d0-11ea-80a5-0242ac130001'), 'ROLE_ADMIN' );
INSERT INTO roles ( NR_ID, STR_NAME ) VALUES( UuidToBin('1a4f447f-e5d0-11ea-80a5-0242ac130002'), 'ROLE_USER' );

INSERT INTO users ( NR_ID, STR_USERNAME, STR_EMAIL, STR_PASSWORD ) VALUES( UuidToBin('2a4f447f-e5d0-11ea-80a5-0242ac130001'), 'User 1', 'user1@email1.com', '$2a$10$BWL/3HVJbVLDWTn2ku0H0eSsuY4mITLQz5Pn60ekCLjE2DEqwkDFG' );
INSERT INTO users ( NR_ID, STR_USERNAME, STR_EMAIL, STR_PASSWORD ) VALUES( UuidToBin('2a4f447f-e5d0-11ea-80a5-0242ac130002'), 'User 2', 'user1@email2.com', '$2a$10$BWL/3HVJbVLDWTn2ku0H0eSsuY4mITLQz5Pn60ekCLjE2DEqwkDFG' );

INSERT INTO workspaces ( NR_ID, STR_NAME ) VALUES ( UuidToBin('3a4f447f-e5d0-11ea-80a5-0242ac130001'), 'Workspace 1');
INSERT INTO workspaces ( NR_ID, STR_NAME ) VALUES ( UuidToBin('3a4f447f-e5d0-11ea-80a5-0242ac130002'), 'Workspace 2');
INSERT INTO workspaces ( NR_ID, STR_NAME ) VALUES ( UuidToBin('3a4f447f-e5d0-11ea-80a5-0242ac130003'), 'Workspace 3');

INSERT INTO lists ( NR_ID, STR_NAME, NR_WORKSPACE_ID ) VALUES ( UuidToBin('4a4f447f-e5d0-11ea-80a5-0242ac130001'), 'List 1.1', UuidToBin('3a4f447f-e5d0-11ea-80a5-0242ac130001'));
INSERT INTO lists ( NR_ID, STR_NAME, NR_WORKSPACE_ID ) VALUES ( UuidToBin('4a4f447f-e5d0-11ea-80a5-0242ac130002'), 'List 1.2', UuidToBin('3a4f447f-e5d0-11ea-80a5-0242ac130001'));
INSERT INTO lists ( NR_ID, STR_NAME, NR_WORKSPACE_ID ) VALUES ( UuidToBin('4a4f447f-e5d0-11ea-80a5-0242ac130003'), 'List 2.1', UuidToBin('3a4f447f-e5d0-11ea-80a5-0242ac130002'));

INSERT INTO todos ( NR_ID, STR_MSG, DATE_DUE, NR_LIST_ID ) VALUES ( UuidToBin('5a4f447f-e5d0-11ea-80a5-0242ac130001'), 'Todo 1.1.1', NULL, UuidToBin('4a4f447f-e5d0-11ea-80a5-0242ac130001') );
INSERT INTO todos ( NR_ID, STR_MSG, DATE_DUE, NR_LIST_ID ) VALUES ( UuidToBin('5a4f447f-e5d0-11ea-80a5-0242ac130002'), 'Todo 1.1.2', CURRENT_TIMESTAMP(), UuidToBin('4a4f447f-e5d0-11ea-80a5-0242ac130001') );
INSERT INTO todos ( NR_ID, STR_MSG, DATE_DUE, NR_LIST_ID ) VALUES ( UuidToBin('5a4f447f-e5d0-11ea-80a5-0242ac130003'), 'Todo 1.2.1', NULL, UuidToBin('4a4f447f-e5d0-11ea-80a5-0242ac130002') );

INSERT INTO user_roles ( NR_USER_ID, NR_ROLE_ID) VALUES (UuidToBin('2a4f447f-e5d0-11ea-80a5-0242ac130001'), UuidToBin('1a4f447f-e5d0-11ea-80a5-0242ac130001'));
INSERT INTO user_roles ( NR_USER_ID, NR_ROLE_ID) VALUES (UuidToBin('2a4f447f-e5d0-11ea-80a5-0242ac130001'), UuidToBin('1a4f447f-e5d0-11ea-80a5-0242ac130002'));
INSERT INTO user_roles ( NR_USER_ID, NR_ROLE_ID) VALUES (UuidToBin('2a4f447f-e5d0-11ea-80a5-0242ac130002'), UuidToBin('1a4f447f-e5d0-11ea-80a5-0242ac130002'));

INSERT INTO workspace_users ( NR_WORKSPACE_ID, NR_USER_ID ) VALUES( UuidToBin('3a4f447f-e5d0-11ea-80a5-0242ac130001'), UuidToBin('2a4f447f-e5d0-11ea-80a5-0242ac130001') );
INSERT INTO workspace_users ( NR_WORKSPACE_ID, NR_USER_ID ) VALUES( UuidToBin('3a4f447f-e5d0-11ea-80a5-0242ac130001'), UuidToBin('2a4f447f-e5d0-11ea-80a5-0242ac130002') );
INSERT INTO workspace_users ( NR_WORKSPACE_ID, NR_USER_ID ) VALUES( UuidToBin('3a4f447f-e5d0-11ea-80a5-0242ac130002'), UuidToBin('2a4f447f-e5d0-11ea-80a5-0242ac130001') );

INSERT INTO workspace_lists ( NR_WORKSPACE_ID, NR_LIST_ID ) VALUES( UuidToBin('3a4f447f-e5d0-11ea-80a5-0242ac130001'), UuidToBin('4a4f447f-e5d0-11ea-80a5-0242ac130001') );
INSERT INTO workspace_lists ( NR_WORKSPACE_ID, NR_LIST_ID ) VALUES( UuidToBin('3a4f447f-e5d0-11ea-80a5-0242ac130001'), UuidToBin('4a4f447f-e5d0-11ea-80a5-0242ac130002') );
INSERT INTO workspace_lists ( NR_WORKSPACE_ID, NR_LIST_ID ) VALUES( UuidToBin('3a4f447f-e5d0-11ea-80a5-0242ac130002'), UuidToBin('4a4f447f-e5d0-11ea-80a5-0242ac130003') );

INSERT INTO list_todos ( NR_LIST_ID, NR_TODO_ID ) VALUES ( UuidToBin('4a4f447f-e5d0-11ea-80a5-0242ac130001'), UuidToBin('5a4f447f-e5d0-11ea-80a5-0242ac130001') );
INSERT INTO list_todos ( NR_LIST_ID, NR_TODO_ID ) VALUES ( UuidToBin('4a4f447f-e5d0-11ea-80a5-0242ac130001'), UuidToBin('5a4f447f-e5d0-11ea-80a5-0242ac130002') );
INSERT INTO list_todos ( NR_LIST_ID, NR_TODO_ID ) VALUES ( UuidToBin('4a4f447f-e5d0-11ea-80a5-0242ac130002'), UuidToBin('5a4f447f-e5d0-11ea-80a5-0242ac130003') );
